Workbook
Name NativeTimeline_published_date: #N/A
Name Slicer_county: #N/A
Name Slicer_murder_scene: #N/A
Name Slicer_Region: #N/A
Name Slicer_status_on_article_date: #N/A
Name Slicer_suspect_relationship: #N/A
Name Slicer_type_of_femicide: #N/A

Sheet Dashboard

Sheet Original data
A1: Author Name | B1: medium | C1: published_date | D1: type_of_murder | E1: name_of_victim | F1: age | G1: date_of_murder | H1: name_of_suspect | I1: suspect relationship | J1: type_of_femicide | K1: murder_scene | L1: mode_of_killing | M1: circumstance | N1: status_on_article_date | O1: court_date_(first_appearance) | P1: verdict_date | Q1: verdict | R1: years_of_sentence | S1: days_to_verdict | T1: area | U1: county | V1: Region
A2: Carolyne Kubwa | B2: The Star | C2: 43649 | D2: Femicide | E2: Damaris kibe | H2: Isaac Kirui | I2: Husband | J2: Intimate | K2: home | L2: other | M2: Not Provided | N2: Not Provided | P2: 43649 | Q2: guilty | S2: 2068 | T2: Not Provided | U2: Not Provided | V2: =_xlfn.XLOOKUP(U2, Mapping!$A$2:$A$48, Mapping!$B$2:$B$48, "Unknown County") -> Unknown County
A3: Citizen Reporter | B3: Citizen Digital | C3: 44746 | D3: Femicide | E3: Not Provided | F3: 24 | H3: Joseph Kiplimo | I3: Husband | J3: Intimate | K3: home | L3: hacked | M3: Argument | N3: under investigation | Q3: Not Provided | T3: Not Provided | U3: Not Provided | V3: =_xlfn.XLOOKUP(U3, Mapping!$A$2:$A$48, Mapping!$B$2:$B$48, "Unknown County") -> Unknown County
A4: Anne Atieno | B4: Not Provided | C4: 44698 | D4: Femicide | E4: Joyce Aluoch | H4: Charles Odhiambo | I4: Husband | J4: Not Provided | K4: Not Provided | L4: blunt force | M4: Not Provided | N4: Not Provided | Q4: Guilty | T4: Not Provided | U4: Not Provided | V4: =_xlfn.XLOOKUP(U4, Mapping!$A$2:$A$48, Mapping!$B$2:$B$48, "Unknown County") -> Unknown County
A5: Annette Wambulwa | B5: The Star | C5: 42607 | D5: Femicide | E5: Rose Wekesa | H5: Storum Miheso | I5: Husband | J5: intimate | K5: Not Provided | L5: Not Provided | M5: Not Provided | N5: Not Provided | Q5: Not Provided | T5: Not Provided | U5: Not Provided | V5: =_xlfn.XLOOKUP(U5, Mapping!$A$2:$A$48, Mapping!$B$2:$B$48, "Unknown County") -> Unknown County
A6: Not Provided | B6: Standard Media | D6: Femicide | E6: Naomi Tuitoek | F6: 27 | H6: Not Provided | I6: Husband | J6: Not Provided | K6: Not Provided | L6: Not Provided | M6: Not Provided | N6: Not Provided | Q6: Not Provided | T6: Baringo County | U6: Baringo | V6: =_xlfn.XLOOKUP(U6, Mapping!$A$2:$A$48, Mapping!$B$2:$B$48, "Unknown County") -> Rift Valley
A7: Carole Maina | B7: The Star | C7: 42691 | D7: Femicide | E7: Diana Chemutai (Chelele) | H7: Eric Musila | I7: Ex-Husband | J7: Intimate | K7: home | L7: Not Provided | M7: Argument | N7: Not Provided | O7: 42720 | P7: 43588 | Q7: Not Guilty | R7: 0 | S7: 1212 | T7: Kapkwen | U7: Bomet | V7: =_xlfn.XLOOKUP(U7, Mapping!$A$2:$A$48, Mapping!$B$2:$B$48, "Unknown County") -> Rift Valley
A8: Gilbert Kimutai | B8: Standard Digital | C8: 43353 | D8: Femicide | E8: Not Provided | F8: 24 | H8: Not Provided | I8: Ex-Boyfriend | J8: Intimate | K8: home | L8: stabbed | M8: jealousy | N8: under investigation | Q8: Not Provided | T8: Chemaner location | U8: Bomet | V8: =_xlfn.XLOOKUP(U8, Mapping!$A$2:$A$48, Mapping!$B$2:$B$48, "Unknown County") -> Rift Valley
A9: Vitalis Kimutai | B9: Daily Nation | C9: 43597 | D9: Femicide | E9: Caroline Kirui | F9: 20 | G9: 43596 | H9: Gilbert Kipngetich Kirui | I9: Husband | J9: Intimate | K9: home | L9: hacked | M9: Argument | N9: under investigation | Q9: Not Provided | T9: Konoin | U9: Bomet | V9: =_xlfn.XLOOKUP(U9, Mapping!$A$2:$A$48, Mapping!$B$2:$B$48, "Unknown County") -> Rift Valley
A10: Stella Cherono | B10: Daily Nation | D10: Femicide | E10: Emmy Chepkoech Mitey | F10: 45 | H10: Robert Tonui | I10: Boyfriend | J10: Intimate | K10: Home | L10: burned | M10: divorce/separation | N10: Not Provided | Q10: Not Provided | T10: Seanin | U10: Bomet | V10: =_xlfn.XLOOKUP(U10, Mapping!$A$2:$A$48, Mapping!$B$2:$B$48, "Unknown County") -> Rift Valley
A11: Paul Ruto | B11: Citizen Digital | C11: 44471 | D11: Femicide | E11: Not Provided | F11: 25 | H11: Nickson Sang | I11: Husband | J11: Intimate | K11: home | L11: stabbed | M11: Argument | N11: under investigation | Q11: Not Provided | T11: Kipreres | U11: Bomet | V11: =_xlfn.XLOOKUP(U11, Mapping!$A$2:$A$48, Mapping!$B$2:$B$48, "Unknown County") -> Rift Valley
A12: Not Provided | B12: Not Provided | C12: 44651 | D12: Femicide | E12: Faith Chepkoech | F12: 25 | H12: Gilbert Langat | I12: Husband | J12: Not Provided | K12: Home | L12: stabbed | M12: Not Provided | N12: Not Provided | Q12: Not Provided | T12: Mauche estate within Bomet Township | U12: Bomet | V12: =_xlfn.XLOOKUP(U12, Mapping!$A$2:$A$48, Mapping!$B$2:$B$48, "Unknown County") -> Rift Valley
A13: Kna | B13: The Star | C13: 44936 | D13: Femicide | E13: Not Provided | F13: 38 | H13: Not Provided | I13: Stranger | J13: Non-intimate | K13: Public Space | L13: Strangled | M13: Not Provided | N13: under investigation | Q13: Not Provided | T13: Tembwo trading centre | U13: Bomet | V13: =_xlfn.XLOOKUP(U13, Mapping!$A$2:$A$48, Mapping!$B$2:$B$48, "Unknown County") -> Rift Valley
A14: Paul Ruto | B14: Citizen Digital | C14: 45260 | D14: Femicide | E14: Not Provided | H14: Niphael Kiprotich Ngetich | I14: Husband | J14: INtimate | K14: Home | L14: blunt force | M14: Domestic wrangle | N14: under investigation | Q14: Not Provided | T14: Korara area | U14: Bomet | V14: =_xlfn.XLOOKUP(U14, Mapping!$A$2:$A$48, Mapping!$B$2:$B$48, "Unknown County") -> Rift Valley
A15: Brian Ojamaa | B15: The Star | C15: 42845 | D15: Femicide | E15: Abigail Wafula | F15: 16 | H15: Kizito Wafula | I15: Family Member | J15: Non-intimate | K15: home | L15: blunt force | M15: Others | N15: Not Provided | Q15: Not Provided | T15: Misemwa village | U15: Bungoma | V15: =_xlfn.XLOOKUP(U15, Mapping!$A$2:$A$48, Mapping!$B$2:$B$48, "Unknown County") -> Western
A16: Brian Ojamaa | B16: The Star | C16: 42838 | D16: Femicide | E16: Feophe Ekas | F16: 28 | H16: Alln Osiome | I16: Husband | J16: Intimate | K16: home | L16: stabbed | M16: Argument | N16: Not Provided | Q16: Not Provided | T16: Sirisia constituency | U16: Bungoma | V16: =_xlfn.XLOOKUP(U16, Mapping!$A$2:$A$48, Mapping!$B$2:$B$48, "Unknown County") -> Western
A17: Not Provided | B17: The Star | C17: 43128 | D17: Femicide | E17: Sara Nyanyama | F17: 37 | H17: Ben Wafula | I17: Husband | J17: Intimate | K17: home | L17: blunt force | M17: Argument | N17: under investigation | Q17: Not Provided | T17: Not Provided | U17: Bungoma | V17: =_xlfn.XLOOKUP(U17, Mapping!$A$2:$A$48, Mapping!$B$2:$B$48, "Unknown County") -> Western
A18: Raphael Wanjala | B18: Standard Digital | C18: 43154 | D18: Femicide | E18: Mildred Wanyonyi | H18: Simon Wamalwa | I18: Boyfriend | J18: Intimate | K18: school | L18: stabbed | M18: jealousy | N18: under investigation | Q18: Not Provided | T18: Sang'alo Institute of Science and Technology | U18: Bungoma | V18: =_xlfn.XLOOKUP(U18, Mapping!$A$2:$A$48, Mapping!$B$2:$B$48, "Unknown County") -> Western
A19: Brian Ojamaa | B19: The Star | C19: 43295 | D19: Femicide | E19: Not Provided | F19: 33 | H19: Jared Nyongesa | I19: Husband | J19: Intimate | K19: home | L19: hacked | M19: Argument | N19: under investigation | Q19: Not Provided | T19: Kanduyi vilage | U19: Bungoma | V19: =_xlfn.XLOOKUP(U19, Mapping!$A$2:$A$48, Mapping!$B$2:$B$48, "Unknown County") -> Western
A20: Brian Ojamaa | B20: The Star | C20: 43295 | D20: Femicide | E20: Not Provided | F20: 33 | H20: Jared Nyongesa | I20: Husband | J20: Intimate | K20: home | L20: Blunt force | M20: Argument | N20: under investigation | Q20: Not Provided | T20: Kanduyi | U20: Bungoma | V20: =_xlfn.XLOOKUP(U20, Mapping!$A$2:$A$48, Mapping!$B$2:$B$48, "Unknown County") -> Western
A21: Brian Ojamaa | B21: The Star | C21: 43387 | D21: Femicide | E21: Irene Sifuna | H21: Not Provided | I21: Stranger | J21: Not Provided | K21: home | L21: stabbed | M21: Not Provided | N21: under investigation | Q21: Not Provided | T21: Not Provided | U21: Bungoma | V21: =_xlfn.XLOOKUP(U21, Mapping!$A$2:$A$48, Mapping!$B$2:$B$48, "Unknown County") -> Western
A22: Raphael Wanjala | B22: Standard Digital | C22: 43403 | D22: Femicide | E22: Sarah Chebet | H22: Not Provided | I22: Stranger | J22: Not Provided | K22: Public Space | L22: hacked | M22: Not Provided | N22: under investigation | Q22: Not Provided | T22: Cheptais sub-county | U22: Bungoma | V22: =_xlfn.XLOOKUP(U22, Mapping!$A$2:$A$48, Mapping!$B$2:$B$48, "Unknown County") -> Western
A23: Not Provided | B23: Citizen TV | D23: Femicide | E23: Helen Namalwa | F23: 42 | H23: Not Provided | I23: Boyfriend | J23: Not Provided | K23: Not Provided | L23: Not Provided | M23: Not Provided | N23: Not Provided | Q23: Not Provided | T23: Bungoma County | U23: Bungoma | V23: =_xlfn.XLOOKUP(U23, Mapping!$A$2:$A$48, Mapping!$B$2:$B$48, "Unknown County") -> Western
A24: Tony Wafula | B24: The Star | C24: 45139 | D24: Femicide | E24: Margaret Kamanga | H24: Gerald Kamanga | I24: Husband | J24: INtimate | K24: Home | L24: blunt force | M24: Not Provided | N24: under investigation | Q24: Not Provided | T24: Wamunyiri village | U24: Bungoma | V24: =_xlfn.XLOOKUP(U24, Mapping!$A$2:$A$48, Mapping!$B$2:$B$48, "Unknown County") -> Western
A25: Carolyne Kubwa | B25: The Star | C25: 43934 | D25: Femicide | E25: Eunice Ojuro | H25: Julius Nyekenye Serikali | I25: Husband | J25: Intimate | K25: home | L25: blunt force | M25: Argument | N25: Not Provided | P25: 43934 | Q25: guilty | S25: 944 | T25: Esikulu village | U25: Busia | V25: =_xlfn.XLOOKUP(U25, Mapping!$A$2:$A$48, Mapping!$B$2:$B$48, "Unknown County") -> Western
A26: Annette Wambulwa | B26: The Star | C26: 44119 | D26: Femicide | E26: Eunice Akisa | H26: Antony Paste Obwalo | I26: Husband | J26: Intimate | K26: home | L26: blunt force | M26: Argument | N26: Not Provided | Q26: guilty | S26: 308 | T26: Okwata village | U26: Busia | V26: =_xlfn.XLOOKUP(U26, Mapping!$A$2:$A$48, Mapping!$B$2:$B$48, "Unknown County") -> Western
A27: Robert Amalemba | B27: Standard Digital | C27: 44514 | D27: Femicide | E27: Caroline Nabwire | H27: John Wandera | I27: Boyfriend | J27: Intimate | K27: home | L27: blunt force | M27: Not Provided | N27: Ongoing hearing | Q27: Not Provided | T27: Nasemwa village | U27: Busia | V27: =_xlfn.XLOOKUP(U27, Mapping!$A$2:$A$48, Mapping!$B$2:$B$48, "Unknown County") -> Western
A28: Nathan Ochunge | B28: Standard digital | C28: 44322 | D28: Femicide | E28: Zipporah Nkirote | G28: 44322 | H28: Not Provided | I28: Husband | J28: Not Provided | K28: Home | L28: stabbed | M28: Not Provided | N28: Not Provided | Q28: Not Provided | T28: Matayos Sub-County | U28: Busia | V28: =_xlfn.XLOOKUP(U28, Mapping!$A$2:$A$48, Mapping!$B$2:$B$48, "Unknown County") -> Western
A29: Callistus Muga | B29: Citizen Digital | C29: 44371 | D29: Femicide | E29: Not Provided | H29: Not Provided | I29: Husband | J29: Intimate | K29: home | L29: shot | M29: Argument | N29: both are dead | Q29: Not Provided | T29: Funyula | U29: Busia | V29: =_xlfn.XLOOKUP(U29, Mapping!$A$2:$A$48, Mapping!$B$2:$B$48, "Unknown County") -> Western
A30: Hilary Kimuyu | B30: Nairobi News | C30: 45259 | D30: Femicide | E30: Mercy Chebet | H30: Constable Maxwell Maina | I30: Husband | J30: INtimate | K30: Home | L30: shot | M30: Not Provided | N30: under investigation | Q30: Not Provided | T30: Railways Police Lines | U30: Uasin Gishu | V30: =_xlfn.XLOOKUP(U30, Mapping!$A$2:$A$48, Mapping!$B$2:$B$48, "Unknown County") -> Rift Valley
A31: Stephen Rutto | B31: The Star | C31: 43262 | D31: Femicide | E31: Peris Jemaiyo | F31: 26 | H31: Richard Ruto | I31: Husband | J31: Intimate | K31: home | L31: stabbed | M31: Argument | N31: under investigation | Q31: Not Provided | T31: Marakwet East | U31: Elgeyo Marakwet | V31: =_xlfn.XLOOKUP(U31, Mapping!$A$2:$A$48, Mapping!$B$2:$B$48, "Unknown County") -> Rift Valley
A32: Fred Kibor | B32: Standard Digital | C32: 43276 | D32: Femicide | E32: Marion Cheruiyot | F32: 22 | H32: Josphat Cheruiyot | I32: Husband | J32: Intimate | K32: home | L32: hacked | M32: Argument | N32: under investigation | Q32: Not Provided | T32: Boe Vilage | U32: Elgeyo Marakwet | V32: =_xlfn.XLOOKUP(U32, Mapping!$A$2:$A$48, Mapping!$B$2:$B$48, "Unknown County") -> Rift Valley
A33: Mireri Junior | B33: Standard Digital | C33: 44337 | D33: Femicide | E33: Not Provided | F33: 23 | G33: 44336 | H33: Not Provided | I33: Husband | J33: Intimate | K33: home | L33: hacked | M33: Argument | N33: under investigation | Q33: Not Provided | T33: Tambul village | U33: Elgeyo Marakwet | V33: =_xlfn.XLOOKUP(U33, Mapping!$A$2:$A$48, Mapping!$B$2:$B$48, "Unknown County") -> Rift Valley
A34: Daily Nation | B34: The East African | C34: 44487 | D34: Femicide | E34: Agnes Tirop | F34: 25 | H34: Ibrahim Rotich | I34: Husband | J34: Intimate | K34: home | L34: stabbed | M34: Not Provided | N34: Ongoing hearing | O34: 44487 | Q34: Not Provided | T34: Iten town | U34: Elgeyo Marakwet | V34: =_xlfn.XLOOKUP(U34, Mapping!$A$2:$A$48, Mapping!$B$2:$B$48, "Unknown County") -> Rift Valley
A35: Stephen Rutto | B35: Standard Digital | C35: 44670 | D35: Femicide | E35: Damaris Muthee | H35: Eskanda Hailemariam | I35: Boyfriend | J35: Intimate | K35: home | L35: strangled | M35: Not Provided | N35: under investigation | Q35: Not Provided | T35: Iten town | U35: Elgeyo Marakwet | V35: =_xlfn.XLOOKUP(U35, Mapping!$A$2:$A$48, Mapping!$B$2:$B$48, "Unknown County") -> Rift Valley
A36: Bashir Mbuthia | B36: Not Provided | C36: 44688 | D36: Femicide | E36: Monica Jepto | F36: 38 | H36: Khadiri Khamisi | I36: Husband | J36: Not Provided | K36: Home | L36: stabbed | M36: Not Provided | N36: Not Provided | Q36: Not Provided | T36: Iten | U36: Elgeyo Marakwet | V36: =_xlfn.XLOOKUP(U36, Mapping!$A$2:$A$48, Mapping!$B$2:$B$48, "Unknown County") -> Rift Valley
A37: Anthony Ndwiga | B37: citizen digital | C37: 42827 | D37: Femicide | E37: Not Provided | F37: 80 | H37: Not Provided | I37: Stranger | J37: non-intimate | K37: home | L37: sexual assault | M37: Not Provided | N37: Under Investigation | Q37: Not Provided | T37: Kigumo Village | U37: Embu | V37: =_xlfn.XLOOKUP(U37, Mapping!$A$2:$A$48, Mapping!$B$2:$B$48, "Unknown County") -> Eastern
A38: Reuben Githinji | B38: The Star | C38: 43231 | D38: Femicide | E38: Pauline Kagendo | H38: Edwin Mwenda | I38: Ex-Boyfriend | J38: Intimate | K38: home | L38: Not Provided | M38: Argument | N38: Not Provided | Q38: Not Provided | T38: Njarange village | U38: Embu | V38: =_xlfn.XLOOKUP(U38, Mapping!$A$2:$A$48, Mapping!$B$2:$B$48, "Unknown County") -> Eastern
A39: Charles Wanyoro | B39: Daily Nation | C39: 43264 | D39: Femicide | E39: Naomi Warunji | F39: 93 | H39: Not Provided | I39: Stranger | J39: Not Provided | K39: home | L39: stabbed | M39: Organized crime | N39: under investigation | Q39: Not Provided | T39: Gitumbi vilage | U39: Embu | V39: =_xlfn.XLOOKUP(U39, Mapping!$A$2:$A$48, Mapping!$B$2:$B$48, "Unknown County") -> Eastern
A40: George Munene | B40: Daily Nation | C40: 43896 | D40: Femicide | E40: Not Provided | F40: 44 | H40: Not Provided | I40: Friend | J40: Non-intimate | K40: home | L40: strangled | M40: Not Provided | N40: under investigation | Q40: Not Provided | T40: Njigo village | U40: Embu | V40: =_xlfn.XLOOKUP(U40, Mapping!$A$2:$A$48, Mapping!$B$2:$B$48, "Unknown County") -> Eastern
A41: Reuben Githinji | B41: The Star | C41: 43948 | D41: Femicide | E41: Janet Wambeti Njogu | F41: 58 | H41: Not Provided | I41: Stranger | J41: Not Provided | K41: Public Space | L41: sexual assault | M41: Not Provided | N41: under investigation | Q41: Not Provided | T41: Karurina | U41: Embu | V41: =_xlfn.XLOOKUP(U41, Mapping!$A$2:$A$48, Mapping!$B$2:$B$48, "Unknown County") -> Eastern
A42: Not Provided | B42: Daily Nation | C42: 44024 | D42: Femicide | E42: Teresa Muthoni | H42: Not Provided | I42: Husband | J42: Intimate | K42: home | L42: stabbed | M42: Argument | N42: under investigation | Q42: Not Provided | T42: Mbeere | U42: Embu | V42: =_xlfn.XLOOKUP(U42, Mapping!$A$2:$A$48, Mapping!$B$2:$B$48, "Unknown County") -> Eastern
A43: Cyrus Ombati | B43: The Star | C43: 44234 | D43: Femicide | E43: Not Provided | F43: 28 | H43: Not Provided | I43: Husband | J43: Intimate | K43: home | L43: blunt force | M43: Not Provided | N43: under investigation | Q43: Not Provided | T43: Kiamukuyu area | U43: Embu | V43: =_xlfn.XLOOKUP(U43, Mapping!$A$2:$A$48, Mapping!$B$2:$B$48, "Unknown County") -> Eastern
A44: Muriithi Mugo | B44: Standard Digital | C44: 44539 | D44: Femicide | E44: Rosemary Nyaga | F44: 39 | H44: Dennis Munene | I44: Boyfriend | J44: Intimate | K44: home | L44: strangled | M44: Argument | N44: Not Provided | P44: 44539 | Q44: guilty | R44: 7 | S44: 182 | T44: Kavaruka village | U44: Embu | V44: =_xlfn.XLOOKUP(U44, Mapping!$A$2:$A$48, Mapping!$B$2:$B$48, "Unknown County") -> Eastern
A45: Muriithi Mugo | B45: Standard Digital | C45: 44509 | D45: Femicide | E45: Nancy Muthoni | F45: 46 | H45: Luka Njue | I45: Husband | J45: Intimate | K45: home | L45: stabbed | M45: Argument | N45: under investigation | Q45: Not Provided | T45: Thau village | U45: Embu | V45: =_xlfn.XLOOKUP(U45, Mapping!$A$2:$A$48, Mapping!$B$2:$B$48, "Unknown County") -> Eastern
A46: George Munene | B46: Daily Nation | C46: 45113 | D46: Femicide | E46: Josephine Karimi | F46: 24 | H46: Boniface Yakulula | I46: Friend | J46: Non-intimate | K46: Public Space | L46: Not Provided | M46: Not Provided | N46: under investigation | Q46: Not Provided | T46: Kiaragana | U46: Embu | V46: =_xlfn.XLOOKUP(U46, Mapping!$A$2:$A$48, Mapping!$B$2:$B$48, "Unknown County") -> Eastern
A47: Cyrus Ombati | B47: The Star | C47: 44816 | D47: Femicide | E47: Nasimiyu | F47: 22 | H47: Martin Wekesa | I47: Husband | J47: Intimate | K47: home | L47: blunt force | M47: jealousy | N47: under investigation | Q47: Not Provided | T47: Garissa town | U47: Garissa | V47: =_xlfn.XLOOKUP(U47, Mapping!$A$2:$A$48, Mapping!$B$2:$B$48, "Unknown County") -> North Eastern
A48: Robert Omollo | B48: The Star | C48: 43523 | D48: Femicide | E48: Eunice Atieno Olal | H48: Albert Odhiambo Odongo | I48: Husband | J48: Intimate | K48: home | L48: blunt force | M48: Argument | N48: Not Provided | P48: 43523 | Q48: guilty | R48: 12 | S48: 1361 | T48: Kotieno village | U48: Homa Bay | V48: =_xlfn.XLOOKUP(U48, Mapping!$A$2:$A$48, Mapping!$B$2:$B$48, "Unknown County") -> Nyanza
A49: Ruth Mbula | B49: Daily Nation | C49: 43350 | D49: Femicide | E49: Sharon Otieno | F49: 26 | H49: Okoth bado | I49: Boyfriend | J49: Intimate | K49: Public Space | L49: stabbed | M49: divorce | N49: Ongoing hearing | O49: 43370 | Q49: Not Provided | T49: Rachuonyo | U49: Homa Bay | V49: =_xlfn.XLOOKUP(U49, Mapping!$A$2:$A$48, Mapping!$B$2:$B$48, "Unknown County") -> Nyanza
A50: Nation Reporter | B50: Daily Nation | C50: 43449 | D50: Femicide | E50: Phoebe Kamire | F50: 38 | H50: Ben Mancha | I50: Husband | J50: Intimate | K50: home | L50: Not Provided | M50: Argument | N50: under investigation | Q50: Not Provided | T50: Shauriyako house | U50: Homa Bay | V50: =_xlfn.XLOOKUP(U50, Mapping!$A$2:$A$48, Mapping!$B$2:$B$48, "Unknown County") -> Nyanza
A51: George Odiwuor | B51: Daily Nation | C51: 43499 | D51: Femicide | E51: Beryl Atieno | F51: 18 | H51: Paul Ochieng | I51: Boyfriend | J51: Intimate | K51: home | L51: blunt force | M51: breakup | N51: under investigation | Q51: Not Provided | T51: Kobita | U51: Homa Bay | V51: =_xlfn.XLOOKUP(U51, Mapping!$A$2:$A$48, Mapping!$B$2:$B$48, "Unknown County") -> Nyanza
A52: George Odiwuor | B52: Daily Nation | C52: 43749 | D52: Femicide | E52: Susan Adhiambo Otieno | H52: Joshua Obembi | I52: Boyfriend | J52: Intimate | K52: home | L52: stabbed | M52: jealousy | N52: under investigation | Q52: Not Provided | T52: Ogongo Tir village | U52: Homa Bay | V52: =_xlfn.XLOOKUP(U52, Mapping!$A$2:$A$48, Mapping!$B$2:$B$48, "Unknown County") -> Nyanza
A53: James Omoro | B53: Standard digital | D53: Femicide | E53: Eunice Aoko | F53: 25 | H53: Not Provided | I53: Stranger | J53: Not Provided | K53: Public Space | L53: sexual assault | M53: Not Provided | N53: Not Provided | Q53: Not Provided | T53: Lwala Sub Location | U53: Homa Bay | V53: =_xlfn.XLOOKUP(U53, Mapping!$A$2:$A$48, Mapping!$B$2:$B$48, "Unknown County") -> Nyanza
A54: Robert Omollo | B54: The Star | C54: 44900 | D54: Femicide | E54: Mary Kwamboka | F54: 28 | H54: Not Provided | I54: Boyfriend | J54: Intimate | K54: home | L54: stabbed | M54: jealousy | N54: under investigation | Q54: Not Provided | T54: Rodi Kopany | U54: Homa Bay | V54: =_xlfn.XLOOKUP(U54, Mapping!$A$2:$A$48, Mapping!$B$2:$B$48, "Unknown County") -> Nyanza
A55: Robert Omollo | B55: The Star | C55: 45005 | D55: Femicide | E55: Milca Mwangi | F55: 48 | H55: Bernard Ouma | I55: Husband | J55: Intimate | K55: Public Space | L55: sexual assault | M55: Not Provided | N55: under investigation | Q55: Not Provided | T55: Got Rateng | U55: Homa Bay | V55: =_xlfn.XLOOKUP(U55, Mapping!$A$2:$A$48, Mapping!$B$2:$B$48, "Unknown County") -> Nyanza
A56: Not Provided | B56: The Standard (kenya) | C56: 45206 | D56: Femicide | E56: Michel Awuor | F56: 23 | H56: Not Provided | I56: Husband | J56: INtimate | K56: Home | L56: hacked | M56: Not Provided | N56: under investigation | Q56: Not Provided | T56: Kodwar B village | U56: Homa Bay | V56: =_xlfn.XLOOKUP(U56, Mapping!$A$2:$A$48, Mapping!$B$2:$B$48, "Unknown County") -> Nyanza
A57: James Omoro | B57: Standard Digital | C57: 43318 | D57: Femicide | E57: Linda Olero | H57: Geoffrey Plero | I57: Husband | J57: Intimate | K57: home | L57: blunt force | M57: Argument | N57: Not Provided | P57: 43318 | Q57: guilty | R57: 20 | S57: 565 | T57: Koluoch village | U57: Homa Bay | V57: =_xlfn.XLOOKUP(U57, Mapping!$A$2:$A$48, Mapping!$B$2:$B$48, "Unknown County") -> Nyanza
A58: James Omoro | B58: Standard Digital | C58: 43103 | D58: Femicide | E58: Maureen Akinyi | F58: 22 | H58: Not Provided | I58: Stranger | J58: Intimate | K58: home | L58: hacked | M58: breakup | N58: under investigation | Q58: Not Provided | T58: Kanyadhere village | U58: Homa Bay | V58: =_xlfn.XLOOKUP(U58, Mapping!$A$2:$A$48, Mapping!$B$2:$B$48, "Unknown County") -> Nyanza
A59: James Omoro | B59: Standard Digital | C59: 43153 | D59: Femicide | E59: Not Provided | H59: Not Provided | I59: Husband | J59: Intimate | K59: home | L59: blunt force | M59: Not Provided | N59: under investigation | Q59: Not Provided | T59: Rachuonyo | U59: Homa Bay | V59: =_xlfn.XLOOKUP(U59, Mapping!$A$2:$A$48, Mapping!$B$2:$B$48, "Unknown County") -> Nyanza
A60: James Omoro | B60: Standard digital | C60: 44300 | D60: Femicide | E60: Mary Achieng | F60: 16 | H60: Not Provided | I60: Stranger | J60: Not Provided | K60: Home | L60: sexual assault | M60: Not Provided | N60: Not Provided | Q60: Not Provided | T60: Waiga B village | U60: Homa Bay | V60: =_xlfn.XLOOKUP(U60, Mapping!$A$2:$A$48, Mapping!$B$2:$B$48, "Unknown County") -> Nyanza
A61: James Omoro | B61: Standard digital | C61: 44382 | D61: Femicide | E61: Emily Chepkemboiâ€™ | H61: Not Provided | I61: Stranger | J61: Not Provided | K61: Home | L61: stabbed | M61: Not Provided | N61: Not Provided | Q61: Not Provided | T61: Homabay County | U61: Homa Bay | V61: =_xlfn.XLOOKUP(U61, Mapping!$A$2:$A$48, Mapping!$B$2:$B$48, "Unknown County") -> Nyanza
A62: Gitonga Marete | B62: Daily Nation | C62: 45118 | D62: Femicide | E62: Winfred Opha | H62: Not Provided | I62: Boyfriend | J62: Intimate | K62: Public Space | L62: stabbed | M62: found her in the company of another man, a fight broke out | N62: under investigation | Q62: 15 years | T62: Kanyakine | U62: Meru | V62: =_xlfn.XLOOKUP(U62, Mapping!$A$2:$A$48, Mapping!$B$2:$B$48, "Unknown County") -> Eastern
A63: Ali Abdi | B63: Standard Digital | C63: 43003 | D63: Femicide | E63: Not Provided | F63: 21 | H63: Timothy Mbogo | I63: Stranger | J63: Intimate | K63: Public Space | L63: Stabbed | M63: Argument | N63: Under Investigation | Q63: Not Provided | T63: Odha estate | U63: Isiolo | V63: =_xlfn.XLOOKUP(U63, Mapping!$A$2:$A$48, Mapping!$B$2:$B$48, "Unknown County") -> Eastern
A64: Vivian Jebet | B64: Daily Nation | C64: 43454 | D64: Femicide | E64: Not Provided | H64: Not Provided | I64: Boyfriend | J64: Intimate | K64: home | L64: shot | M64: Argument | N64: under investigation | Q64: Not Provided | T64: Isiolo town | U64: Isiolo | V64: =_xlfn.XLOOKUP(U64, Mapping!$A$2:$A$48, Mapping!$B$2:$B$48, "Unknown County") -> Eastern
A65: Waweru Wairimu | B65: Daily Nation | C65: 43955 | D65: Femicide | E65: Not Provided | G65: 43954 | H65: David Karingori | I65: Husband | J65: Intimate | K65: home | L65: hacked | M65: Argument | N65: under investigation | Q65: Not Provided | T65: Kangutu | U65: Isiolo | V65: =_xlfn.XLOOKUP(U65, Mapping!$A$2:$A$48, Mapping!$B$2:$B$48, "Unknown County") -> Eastern
A66: By Waweru Wairimu | B66: The Nation | C66: 44285 | D66: Femicide | E66: Celestine Nduku kioko | F66: 26 | H66: Erick Mutwiri Mwenda | I66: Ex-Husband | J66: Intimate | K66: home | L66: stabbed | M66: Argument | N66: Ongoing hearing | O66: 44298 | Q66: Not Provided | T66: Kambi ya juu | U66: Isiolo | V66: =_xlfn.XLOOKUP(U66, Mapping!$A$2:$A$48, Mapping!$B$2:$B$48, "Unknown County") -> Eastern
A67: Kurgat Marindany | B67: The Star | C67: 43111 | D67: Femicide | E67: Salome Kanini | H67: Stanely Nduati | I67: Husband | J67: Intimate | K67: Home | L67: burned | M67: Argument | N67: Ongoing Court Proceedings | O67: 43105 | Q67: Not Provided | T67: Ongata Rongai | U67: Kajiado | V67: =_xlfn.XLOOKUP(U67, Mapping!$A$2:$A$48, Mapping!$B$2:$B$48, "Unknown County") -> Rift Valley
A68: Kurgat Marindany | B68: The Star | C68: 43150 | D68: Femicide | E68: Priscilla Wangeci | H68: Not Provided | I68: Stranger | J68: non-intimate | K68: home | L68: strangled | M68: Not Provided | N68: under investigation | Q68: Not Provided | T68: Ongata Rongai | U68: Kajiado | V68: =_xlfn.XLOOKUP(U68, Mapping!$A$2:$A$48, Mapping!$B$2:$B$48, "Unknown County") -> Rift Valley
A69: Kinyuru Munuhe | B69: MediaMax Network | C69: 43657 | D69: Femicide | E69: Florence Okwach | F69: 32 | H69: Richard Muchesia | I69: Husband | J69: Intimate | K69: home | L69: shot | M69: Argument | N69: both are dead | Q69: Not Provided | T69: Ongata Rongai | U69: Kajiado | V69: =_xlfn.XLOOKUP(U69, Mapping!$A$2:$A$48, Mapping!$B$2:$B$48, "Unknown County") -> Rift Valley
A70: Peterson Githaiga | B70: Standard digital | D70: Femicide | E70: Not Provided | H70: Not Provided | I70: Boyfriend | J70: Intimate | K70: Home | L70: strangled | M70: Not Provided | N70: Not Provided | Q70: Not Provided | T70: Kitengela | U70: Kajiado | V70: =_xlfn.XLOOKUP(U70, Mapping!$A$2:$A$48, Mapping!$B$2:$B$48, "Unknown County") -> Rift Valley
A71: Kurgat Marindany | B71: The Star | C71: 44178 | D71: Femicide | E71: Mary Wnjiku | F71: 32 | H71: David Kariuki | I71: Husband | J71: Intimate | K71: home | L71: stabbed | M71: jealousy | N71: both are dead | O71: 44175 | Q71: Not Provided | T71: Ngong | U71: Kajiado | V71: =_xlfn.XLOOKUP(U71, Mapping!$A$2:$A$48, Mapping!$B$2:$B$48, "Unknown County") -> Rift Valley
A72: Cyrus Ombati | B72: The Star | C72: 44248 | D72: Femicide | E72: Caroline Wanjiku | F72: 38 | H72: Not Provided | I72: Stranger | J72: Not Provided | K72: Public Space | L72: blunt force | M72: Argument | N72: under investigation | Q72: Not Provided | T72: Not Provided | U72: Kajiado | V72: =_xlfn.XLOOKUP(U72, Mapping!$A$2:$A$48, Mapping!$B$2:$B$48, "Unknown County") -> Rift Valley
A73: By Vincent Achuka And Brian Wasuna | B73: The Nation | C73: 44272 | D73: Femicide | E73: Jennifer Wambua | H73: Peter Njenga | I73: Stranger | J73: Non-intimate | K73: Public Space | L73: strangled | M73: Not Provided | N73: Ongoing hearing | O73: 44312 | Q73: Not Provided | T73: Kerarapon Ngong | U73: Kajiado | V73: =_xlfn.XLOOKUP(U73, Mapping!$A$2:$A$48, Mapping!$B$2:$B$48, "Unknown County") -> Rift Valley
A74: Peterson Githaiga And Fred Kagonye | B74: Standard digital | C74: 44316 | D74: Femicide | E74: Cynthia Chesang Chepkuto. | F74: 33 | H74: Renald Kamerima Allan | I74: Husband | J74: Not Provided | K74: Home | L74: blunt force | M74: Not Provided | N74: Not Provided | Q74: Not Provided | T74: Dumpsite | U74: Kajiado | V74: =_xlfn.XLOOKUP(U74, Mapping!$A$2:$A$48, Mapping!$B$2:$B$48, "Unknown County") -> Rift Valley
A75: Peterson Githaiga | B75: Standard digital | C75: 44406 | D75: Femicide | E75: Ann Njeri | F75: 33 | H75: Not Provided | I75: Husband | J75: Not Provided | K75: Home | L75: Not Provided | M75: Not Provided | N75: Not Provided | Q75: Not Provided | T75: Kitengela | U75: Kajiado | V75: =_xlfn.XLOOKUP(U75, Mapping!$A$2:$A$48, Mapping!$B$2:$B$48, "Unknown County") -> Rift Valley
A76: George Njunge | B76: Standard Digital | C76: 44687 | D76: Femicide | E76: Faith Njambi | F76: 26 | H76: Samuel Mbugua | I76: Ex-Husband | J76: Intimate | K76: home | L76: stabbed | M76: Argument | N76: under investigation | Q76: Not Provided | T76: Rongai | U76: Kajiado | V76: =_xlfn.XLOOKUP(U76, Mapping!$A$2:$A$48, Mapping!$B$2:$B$48, "Unknown County") -> Rift Valley
A77: Stanley Ngotho | B77: Daily Nation | C77: 44939 | D77: Femicide | E77: Not Provided | F77: 6 | H77: Not Provided | I77: Stranger | J77: Non-intimate | K77: Other | L77: Not Provided | M77: Not Provided | N77: under investigation | Q77: Not Provided | T77: Maili Tisa village in Loitokitok | U77: Kajiado | V77: =_xlfn.XLOOKUP(U77, Mapping!$A$2:$A$48, Mapping!$B$2:$B$48, "Unknown County") -> Rift Valley
A78: Stanley Ngotho | B78: Daily Nation | C78: 45038 | D78: Femicide | E78: Gertrude Wayua Mutiso | F78: 22 | H78: Patrick Kioko | I78: Boyfriend | J78: Intimate | K78: Public Space | L78: stabbed | M78: Woman dumped him | N78: under investigation | Q78: Not Provided | T78: Kitengela | U78: Kajiado | V78: =_xlfn.XLOOKUP(U78, Mapping!$A$2:$A$48, Mapping!$B$2:$B$48, "Unknown County") -> Rift Valley
A79: Cyrus Ombati | B79: The Star | C79: 45146 | D79: Femicide | E79: Not Provided | H79: Not Provided | I79: Stranger | J79: Not Provided | K79: Public Space | L79: sexual assault | M79: robbery with violence | N79: under investigation | Q79: Not Provided | T79: Kiwanjani area | U79: Kajiado | V79: =_xlfn.XLOOKUP(U79, Mapping!$A$2:$A$48, Mapping!$B$2:$B$48, "Unknown County") -> Rift Valley
A80: Jack Murima | B80: Standard Digital | C80: 43402 | D80: Femicide | E80: Selina Ikambi Anasi | F80: 79 | H80: Wilson Masiko Mungasia | I80: Family Member | J80: Non-intimate | K80: Public Space | L80: hacked | M80: Not Provided | N80: Not Provided | P80: 43401 | Q80: guilty | S80: 2817 | T80: Mituri village | U80: Kakamega | V80: =_xlfn.XLOOKUP(U80, Mapping!$A$2:$A$48, Mapping!$B$2:$B$48, "Unknown County") -> Western
A81: John Shilitsa | B81: Standard Digital | C81: 42756 | D81: Femicide | E81: Margret Khayere | H81: Not Provided | I81: Friend | J81: Non-intimate | K81: home | L81: hacked | M81: Not Provided | N81: under investigation | Q81: Not Provided | T81: Mwamba Village | U81: Kakamega | V81: =_xlfn.XLOOKUP(U81, Mapping!$A$2:$A$48, Mapping!$B$2:$B$48, "Unknown County") -> Western
A82: Jackline Inyanji | B82: Standard Digital | C82: 43172 | D82: Femicide | E82: Not Provided | F82: 10 | H82: Not Provided | I82: Stranger | J82: Not Provided | K82: Public Space | L82: Not Provided | M82: Not Provided | N82: under investigation | Q82: Not Provided | T82: Mukhonje village | U82: Kakamega | V82: =_xlfn.XLOOKUP(U82, Mapping!$A$2:$A$48, Mapping!$B$2:$B$48, "Unknown County") -> Western
A83: Shaban Makokha | B83: Daily Nation | C83: 43190 | D83: Femicide | E83: Not Provided | F83: 37 | H83: Not Provided | I83: Husband | J83: Intimate | K83: Public Space | L83: stabbed | M83: jealousy | N83: under investigation | Q83: Not Provided | T83: Shieywe Ward | U83: Kakamega | V83: =_xlfn.XLOOKUP(U83, Mapping!$A$2:$A$48, Mapping!$B$2:$B$48, "Unknown County") -> Western
A84: Nathan Ochunge | B84: Standard Digital | C84: 43259 | D84: Femicide | E84: Mollyne Lubanga | F84: 34 | H84: Not Provided | I84: Husband | J84: Intimate | K84: home | L84: stabbed | M84: Argument | N84: under investigation | Q84: Not Provided | T84: Lunyelelia village | U84: Kakamega | V84: =_xlfn.XLOOKUP(U84, Mapping!$A$2:$A$48, Mapping!$B$2:$B$48, "Unknown County") -> Western
A85: Not Provided | B85: Standard Media | D85: Femicide | E85: Susan Mirimo Musa | H85: Not Provided | I85: Husband | J85: Not Provided | K85: Not Provided | L85: Not Provided | M85: Not Provided | N85: Not Provided | Q85: Not Provided | T85: Kakamega County | U85: Kakamega | V85: =_xlfn.XLOOKUP(U85, Mapping!$A$2:$A$48, Mapping!$B$2:$B$48, "Unknown County") -> Western
A86: Not Provided | B86: KBC | D86: Femicide | E86: Daphine Maloba | H86: Not Provided | I86: Husband | J86: Not Provided | K86: Not Provided | L86: Not Provided | M86: Not Provided | N86: Not Provided | Q86: Not Provided | T86: Kakamega County | U86: Kakamega | V86: =_xlfn.XLOOKUP(U86, Mapping!$A$2:$A$48, Mapping!$B$2:$B$48, "Unknown County") -> Western
A87: Not Provided | B87: Standard Media | D87: Femicide | E87: Carolyne Anota Mukutu | H87: Not Provided | I87: Boyfriend | J87: Not Provided | K87: Not Provided | L87: Not Provided | M87: Not Provided | N87: Not Provided | Q87: Not Provided | T87: Kakamega County | U87: Kakamega | V87: =_xlfn.XLOOKUP(U87, Mapping!$A$2:$A$48, Mapping!$B$2:$B$48, "Unknown County") -> Western
A88: Benson Amadala | B88: Daily Nation | C88: 43547 | D88: Femicide | E88: Christine Maonga | H88: Patrick Nyapara | I88: Boyfriend | J88: Intimate | K88: home | L88: shot | M88: Argument | N88: Ongoing hearing | O88: 43542 | Q88: Not Provided | T88: Navakholo | U88: Kakamega | V88: =_xlfn.XLOOKUP(U88, Mapping!$A$2:$A$48, Mapping!$B$2:$B$48, "Unknown County") -> Western
A89: Not Provided | B89: Standard Digital | C89: 43592 | D89: Femicide | E89: Petrolina Mungayi | F89: 40 | G89: 43592 | H89: Not Provided | I89: Stranger | J89: Non-intimate | K89: home | L89: hacked | M89: Not Provided | N89: under investigation | Q89: Not Provided | T89: Ejinja Matungu | U89: Kakamega | V89: =_xlfn.XLOOKUP(U89, Mapping!$A$2:$A$48, Mapping!$B$2:$B$48, "Unknown County") -> Western
A90: Benson Amadala | B90: Daily Nation | C90: 43620 | D90: Femicide | E90: Metrine Naimiyu | F90: 29 | H90: Noah Inyangala | I90: Husband | J90: Intimate | K90: home | L90: stabbed | M90: jealousy | N90: under investigation | Q90: Not Provided | T90: Mawe tatu | U90: Kakamega | V90: =_xlfn.XLOOKUP(U90, Mapping!$A$2:$A$48, Mapping!$B$2:$B$48, "Unknown County") -> Western
A91: Abel Amala | B91: K24 Digital | D91: Femicide | E91: Florence Nakonjio | F91: 44 | H91: Joseph Boyi Shiro | I91: Husband | J91: Intimate | K91: Home | L91: hacked | M91: Denying him conjugal rights | N91: Not Provided | Q91: Not Provided | T91: Emukaya Village in Lurambi | U91: Kakamega | V91: =_xlfn.XLOOKUP(U91, Mapping!$A$2:$A$48, Mapping!$B$2:$B$48, "Unknown County") -> Western
A92: Mumo Munuve | B92: Standard digital | C92: 44313 | D92: Femicide | E92: Virginia Khavakali | F92: 35 | H92: Wycliffe Khamasi, | I92: Husband | J92: Not Provided | K92: Home | L92: stabbed | M92: Not Provided | N92: Not Provided | Q92: Not Provided | T92: Madala Village in Shinyalu | U92: Kakamega | V92: =_xlfn.XLOOKUP(U92, Mapping!$A$2:$A$48, Mapping!$B$2:$B$48, "Unknown County") -> Western
A93: Winfrey Owino | B93: Standard Digital | C93: 44349 | D93: Femicide | E93: Not Provided | H93: Not Provided | I93: Stranger | J93: Non-intimate | K93: Public Space | L93: sexual assault | M93: Not Provided | N93: under investigation | Q93: Not Provided | T93: Kakamega town | U93: Kakamega | V93: =_xlfn.XLOOKUP(U93, Mapping!$A$2:$A$48, Mapping!$B$2:$B$48, "Unknown County") -> Western
A94: Benard Lusigi | B94: Standard Digital | C94: 44676 | D94: Femicide | E94: Lydia Khachiti | F94: 22 | H94: Not Provided | I94: Husband | J94: Intimate | K94: home | L94: strangled | M94: jealousy | N94: under investigation | Q94: Not Provided | T94: Shirere village | U94: Kakamega | V94: =_xlfn.XLOOKUP(U94, Mapping!$A$2:$A$48, Mapping!$B$2:$B$48, "Unknown County") -> Western
A95: Martin Bulimu | B95: Citizen Digital | C95: 44929 | D95: Femicide | E95: Rose Atieno | F95: 54 | H95: Not Provided | I95: Husband | J95: Intimate | K95: Other | L95: blunt force | M95: Accused of infidelity | N95: under investigation | Q95: Not Provided | T95: Navakholo | U95: Kakamega | V95: =_xlfn.XLOOKUP(U95, Mapping!$A$2:$A$48, Mapping!$B$2:$B$48, "Unknown County") -> Western
A96: Bernard Lusigi | B96: Standard Digital | C96: 45265 | D96: Femicide | E96: Consolata Masitsa | F96: 38 | H96: Solomon Isaiah | I96: Husband | J96: INtimate | K96: Home | L96: Not Provided | M96: man claimed that his wife was having extramarital affairs | N96: Murder-suicide | Q96: Not Provided | T96: Lukume area | U96: Kakamega | V96: =_xlfn.XLOOKUP(U96, Mapping!$A$2:$A$48, Mapping!$B$2:$B$48, "Unknown County") -> Western
A97: Brian Salil | B97: The Star | C97: 44985 | D97: Femicide | E97: Rose Cherono | F97: 53 | H97: Zackaria Ngâ€™asura | I97: Husband | J97: Intimate | K97: Home | L97: stabbed | M97: Not Provided | N97: under investigation | Q97: Not Provided | T97: Kiprambu in Chepkumia | U97: Nandi | V97: =_xlfn.XLOOKUP(U97, Mapping!$A$2:$A$48, Mapping!$B$2:$B$48, "Unknown County") -> Rift Valley
A98: Nikko Tanui | B98: Standard Digital | C98: 43433 | D98: Femicide | E98: Faith Chepngeno Kirui | H98: Wiberforce Kirui | I98: Husband | J98: Intimate | K98: home | L98: strangled | M98: Argument | N98: Not Provided | O98: 41725 | P98: 43433 | Q98: guilty | S98: 1714 | T98: Kabitungu village | U98: Kericho | V98: =_xlfn.XLOOKUP(U98, Mapping!$A$2:$A$48, Mapping!$B$2:$B$48, "Unknown County") -> Rift Valley
A99: Nikko Tonui | B99: Standard Digital | C99: 43003 | D99: Femicide | E99: Kobia Maina | F99: 26 | H99: Not Provided | I99: Husband | J99: Intimate | K99: home | L99: Stabbed | M99: Jealousy | N99: Under Investigation | Q99: Not Provided | T99: Kedowa | U99: Kericho | V99: =_xlfn.XLOOKUP(U99, Mapping!$A$2:$A$48, Mapping!$B$2:$B$48, "Unknown County") -> Rift Valley
A100: Nikko Tanui | B100: Standard Digital | C100: 43287 | D100: Femicide | E100: Not Provided | F100: 28 | H100: Gideon Cheruiyot | I100: Husband | J100: Intimate | K100: home | L100: hacked | M100: Argument | N100: under investigation | Q100: Not Provided | T100: Soin village | U100: Kericho | V100: =_xlfn.XLOOKUP(U100, Mapping!$A$2:$A$48, Mapping!$B$2:$B$48, "Unknown County") -> Rift Valley
...

Sheet victims by age & type of femici
A3: Count of name_of_victim | B3: Column Labels
A4: Row Labels | B4: Intimate | C4: Non-intimate | D4: Grand Total
A5: 6-16 | B5: 1 | C5: 8 | D5: 9
A6: 16-26 | B6: 69 | C6: 13 | D6: 82
A7: 26-36 | B7: 75 | C7: 6 | D7: 81
A8: 36-46 | B8: 35 | C8: 4 | D8: 39
A9: 46-56 | B9: 9 | D9: 9
A10: 56-66 | B10: 2 | C10: 3 | D10: 5
A11: 66-76 | B11: 1 | C11: 5 | D11: 6
A12: 76-86 | C12: 6 | D12: 6
A13: 86-96 | C13: 2 | D13: 2
A14: Grand Total | B14: 192 | C14: 47 | D14: 239

Sheet number of victims by scene
A3: Row Labels | B3: Count of type_of_murder
A4: home | B4: 298
A5: Not Provided | B5: 6
A6: Other | B6: 10
A7: Public Space | B7: 79
A8: school | B8: 3
A9: Workplace | B9: 2
A10: Grand Total | B10: 398

Sheet victims by circumstances
A3: Row Labels | B3: Count of name_of_victim
A4: Accused of infidelity | B4: 1
A5: altercation | B5: 1
A6: angered he could not marry her because they were relatives | B6: 1
A7: Argument | B7: 156
A8: argument during a drinking spree | B8: 1
A9: breakup | B9: 13
A10: deceived her by claiming to have found her lost phone | B10: 1
A11: denied conjugal rights | B11: 1
A12: denied him access to the Sh11,500 monthly support from Red Cross Society | B12: 1
A13: Denied sex | B13: 2
A14: Denied to marry her | B14: 1
A15: Denying him conjugal rights | B15: 1
... A45: Grand Total | B45: 274

Sheet victims by type_relationship
A3: Row Labels | B3: Count of type_of_murder
A4: Boyfriend | B4: 105
A5: Ex-Boyfriend | B5: 14
A6: Ex-Husband | B6: 16
A7: Family Member | B7: 13
A8: Friend | B8: 22
A9: Husband | B9: 191
A10: Not Provided | B10: 2
A11: Stranger | B11: 35
A12: Grand Total | B12: 398

Sheet femicide victims by region
A4: Row Labels | B4: Count of type_of_murder
A5: Central | B5: 95
A6: Coast | B6: 23
A7: Eastern | B7: 58
A8: Nairobi | B8: 75
A9: North Eastern | B9: 3
A10: Nyanza | B10: 61
A11: Rift Valley | B11: 152
A12: Western | B12: 35
A13: Grand Total | B13: 502

Sheet verdict
A3: Row Labels | B3: Count of Author Name
A4: 15 years | B4: 1
A5: guilty | B5: 32
A6: Not Guilty | B6: 3
A7: Grand Total | B7: 36

Sheet total number of cases by publis
A3: Row Labels | B3: Count of type_of_murder
A4: <01/01/2016 | B4: 38
A5: 2016 | B5: 23
A6: 2017 | B6: 48
A7: 2018 | B7: 95
A8: 2019 | B8: 49
A9: 2020 | B9: 54
A10: 2021 | B10: 76
A11: 2022 | B11: 44
A12: 2023 | B12: 75
A13: Grand Total | B13: 502

Sheet victims by mode of killing 
A3: Row Labels | B3: Count of type_of_murder
A4: blunt force | B4: 76
A5: burned | B5: 13
A6: hacked | B6: 67
A7: Not Provided | B7: 65
A8: other | B8: 14
A9: sexual assault | B9: 18
A10: shot | B10: 31
A11: stabbed | B11: 154
A12: Strangled | B12: 64
A13: Grand Total | B13: 502

Sheet Mapping
A1: County | B1: Region
A2: Mombasa | B2: Coast
A3: Kwale | B3: Coast
A4: Kilifi | B4: Coast
A5: Tana River | B5: Coast
A6: Lamu | B6: Coast
A7: Taita Taveta | B7: Coast
A8: Garissa | B8: North Eastern
A9: Wajir | B9: North Eastern
A10: Mandera | B10: North Eastern
A11: Marsabit | B11: Eastern
A12: Isiolo | B12: Eastern
... A48: Nairobi | B48: Nairobi
